step	loss
0	0.06358616799116135
1	0.0440552644431591
2	0.035512156784534454
3	0.022457320243120193
4	0.029281973838806152
5	0.02003611996769905
6	0.019548628479242325
7	0.018437640741467476
8	0.018468020483851433
