{
    "train": {
        "loss": 0.02438979037106037
    },
    "eval": {
        "loss": 0.018468020483851433
    },
    "dice_multi": 0.9196340105383372,
    "step": 8
}
